4.283178647860412	33.75896620750969
5.094644131309468	35.776882307692055
6.469738349567968	38.88350428248997
7.744898394987913	41.44816324151179
7.980743042886901	41.21383372050663
10.822870918415367	12.278440478916197
11.102686602363317	13.789570732874651
11.35052335100293	13.876380468155759
11.718281107048808	13.978870183918309
11.846196848282156	13.722337141151241
12.809562274445817	4.148110328688684
13.161330562837524	4.436400673947789
13.732954031474053	4.765440814907357
14.02875918307617	5.174961551891649
14.488456378133518	5.677253929044799
15.092058782078382	3.842330137608146
15.343892897631536	4.7835850293684565
15.715648020590956	4.7818562106390825
16.195332050216013	2.357199581656018
16.65103187835982	2.827542025861387
16.80692918798796	2.7834528410989314
17.15470010946613	3.240341775122526
17.338578987489072	2.9058705545365546
17.83025511785475	2.5311027596933315
18.09807870106208	3.5552312561948076
18.297947046739186	3.458976204977378
18.75364687488299	2.25974162669328
18.84558631389446	2.6230566427558917
19.14938619932366	2.223493107994633
19.449188717839323	2.1326238468104117
19.80895174005812	1.980232073295812
20.252659467461292	1.5316961330957943
20.528477784495706	1.8693914900781086
20.95219867733117	1.8220345521471635
21.07611705165098	2.1033134738255144
21.487845843745824	1.7253895819713745
21.827622031396903	2.1180013307946775
22.10743771534485	2.016508933372387
22.29131659336779	2.172701709170412
22.543150708920948	2.0618722638665306
22.8989163642262	1.9621049083347009
23.158745213606437	1.6505930056327867
23.530500336565858	1.6181366107145116
23.910250193352365	1.4354970625940884
24.010184366190916	1.5587192223868263
24.146094841251347	1.5603061624927463
24.525844698037854	1.5932671534601617
24.825647216553513	1.5538726172631667
24.98953926000874	1.621765710409726
25.433246987411923	1.6249480404704881
25.57715219629944	1.639279453644415
25.98888098839428	1.582506500850067
26.10080726197346	1.7079872357785413
26.504541320241213	1.4856480594796737
26.68042546443707	1.8302798510184048
26.896283277768347	1.6835153866054366
27.29601996912256	1.2427757041038299
27.50388304862675	1.5189855628197388
27.599819854551768	1.5898431505912507
27.95158814294347	1.4445361343530674
28.231403826891423	1.5046528549012255
28.519214244666458	1.5175379293022615
28.803027295527954	1.4556837948988675
29.078845612562358	1.7911572773585607
29.52255333996554	1.3524163106053877
29.558529642187416	1.5979005649994167
29.89430846292496	1.4192811813446162
30.258068852057292	1.7230054940483575
30.69777921254693	1.2729332144091179
30.893650191310496	1.5434203254675443
31.26140794735637	1.4196326019818706
31.353347386367844	1.4936627708873138
31.621170969575164	1.5806942349875188
31.733097243154344	1.6003458228551801
32.06887606389189	1.4260120331894561
32.256752308828375	1.4952605723987897
32.32870491327212	1.496575531144929
32.56854692808466	1.4732645380424756
32.95629151869824	1.4908486510943657
33.3320440085712	1.4935558977816155
33.64783599474104	1.5806517399865854
33.8437069735046	1.5567201666326298
34.263430499426526	1.568315606945482
34.51126724806614	1.4207759029176015
34.82306186732243	1.5273071252180546
35.11486965201101	1.4191510418016038
35.43865637200792	1.4132440011253908
35.80241676114026	1.5581971328258906
36.08622981200175	1.462753169416067
36.4140138989122	1.5306521924475434
36.72181115125494	1.4565106253374234
36.89369792853726	1.651789300041921
37.26145568458314	1.6368294606867027
37.64520290828319	1.3755959411542018
37.79710285099779	1.4680232438083585
38.176852707784285	1.5517123983974002
38.60856833444684	1.6626557015333039
38.73648407568019	1.9891123954581156
39.06826552950418	1.639250081761584
39.24814704061359	1.6432101575173976
39.63988899814071	1.6269711018589794
39.999652020359505	1.6661237468560284
40.26347823665329	1.716095751061829
40.52730445294708	1.7234424765382608
40.89905957590649	1.4569950224574808
40.987001648004416	1.6455191731391159
41.09093318775651	1.7655538784288682
41.33077520256905	1.8013092576400078
41.73850662775035	1.4756408077806262
41.986343376389954	2.1318698965755014
42.446040571447305	1.6313908623376983
42.85377199662861	2.148261329643635
43.23751922032866	2.042407442830875
43.58129277489327	1.8116138174039145
44.03299523612353	1.8043923902490222
44.260845150195436	1.772495363621969
44.54465820105693	1.6994255750638196
44.74052917982049	2.3215834911980346
44.8924291225351	2.5578051577491783
45.2721789793216	2.4037308778949322
45.639936735367485	2.763665752953766
46.043670793635236	3.7413154395377033
46.407431182767574	2.609069292896007
46.63528109683947	2.545897717595607
47.06299935658848	2.1485469237910073
47.51070445090521	2.5337393742894703
47.526693918559374	2.815019480351661
47.85447800546983	3.094757165362745
48.32616730126781	4.054314375693623
48.66594348891889	5.176439853184062
49.05368807953248	4.93255012466325
49.57334577829295	2.3839079561934478
49.88514039754924	2.9547381531616974
50.25289815359512	4.029295757471046
50.66062957877642	5.258044557955653
51.09634257235251	7.43596491596071
51.50407399753381	5.405082171466271
52.06370536542971	5.204755900513392
52.60734726567144	4.535632017033865
52.87517084887877	5.901747692589581
53.32687331010903	8.946981912935007
53.750594202944505	6.234742251270692
54.398167642938326	4.563828817256371
54.442138678987284	4.853307343435568
54.9458069100936	6.472461215229003
55.34954096836135	9.740015334102758
55.789251328850995	7.064262774521135
56.34488532983336	4.264072134437411
56.72863255353341	6.780591903982093
57.148356079455326	10.449882666356887
57.604055907599125	7.381084152476163
58.28760564981484	5.883347493616253
58.72331864339093	8.01147144707817
59.19101057227537	6.216192335320722
59.75463930708481	3.7628628337472843
60.070431293254636	5.32893160974571
60.54611795596615	4.774720659680741
61.0817651223808	2.7612418330822406
61.241659798922484	3.3169286749617677
61.53346758361106	3.956558485492633
61.593428087314194	4.043685500113599
62.02914108089029	1.7705032072616658
62.256990994962194	2.602232168878974
62.692703988538284	4.302383485821525
63.16039591742272	4.257058406883364
63.64407731396132	1.888307850447554
63.71203255149154	2.2828692996999655
63.999842969266574	3.811119659218549
64.0598034729697	3.8903421077447176
64.53549013568121	3.476353577981935
64.9512162946896	1.8241150479772403
65.0551478344417	2.214203268164952
65.14308990653963	2.3970814326306304
65.54282659789384	2.8565100682169104
65.94656065616161	1.974875255329195
66.24636317467726	2.0210714773117786
66.69007090208045	2.6348175461416554
67.15776283096487	2.291645860505724
67.49753901861595	1.943579847373371
67.80133890404515	1.5098210083782821
67.98921514898163	2.0237190853843487
68.40094394107648	1.823550973838193
68.4688991786067	1.9883497297012644
68.88462533761508	2.0889308961896376
69.14045682008178	2.182511369131031
69.51620930995473	1.4502641309294309
69.63213295044746	1.5577851687028739
69.9399302027902	1.5652369449491932
70.3476616279715	1.4089415737185396
70.43560370006942	2.2908402579098825
70.87931142747262	1.6051989335343373
70.90329562895384	1.7965928434505676
71.18710867981537	1.572253440040373
71.60283483882374	1.473684122038931
71.78671371684668	1.7821503335078406
71.9785873286967	1.722486068531883
72.39031612079154	1.689189945011006
72.75407650992386	1.4654943129702256
72.88598961807077	1.8088151842777067
73.34168944621457	1.3261833373528056
73.51357622349688	1.8450984809899778
73.80938137509901	1.4886024529089383
74.16914439731778	1.269564119362994
74.29306277163761	1.424361231839203
74.53290478645012	1.4358886073126562
74.66481789459702	1.4239703619075106
75.0325756506429	1.6183695302339065
75.40433077360233	1.4066874142984318
75.62418595384715	1.4647882499517697
75.80806483187008	1.5133748782195025
75.98394897606592	1.5164564594016194
76.27975412766804	1.6063391942590215
76.72745922198476	1.4026444400374294
77.05124594198169	1.3844126334605473
77.47896420173069	1.410349661554845
77.80674828864116	1.4191980885886206
78.12653764172452	1.6029500483191779
78.41434805949956	1.447122883880353
78.71814794492877	1.506368734450505
79.02194783035796	1.5683248056233485
79.08990306788817	1.5581207600114464
79.50163185998302	1.4254436801406023
79.80942911232576	1.5296546250762588
80.2291526382477	1.5197812709099157
80.62489196268837	1.4161340972457246
80.80477347379777	1.4210309839027502
81.18052596367073	1.3281692196132262
81.2924522372499	1.3743470850314563
81.66020999329578	1.396954437589116
81.96400987872498	1.5578124021082975
82.39972287230108	1.4087051034737894
82.71551485847093	1.460185628491049
82.87141216809906	1.4683060865121436
83.32311462932931	1.3090281092312128
83.62291714784497	1.620844220394264
83.98268017006379	1.494154529362675
84.3184589908013	1.48761102290236
84.69421148067427	1.3740857339838164
84.8581035241295	1.591944904776601
85.06196923672015	1.5122525147235248
85.5136716979504	1.4287882371423832
85.60161377004835	1.5167467248994777
85.93339522387235	1.4596545231580849
86.14925303720361	1.4728395160505077
86.60095549843388	1.3259217071292735
86.62094233300158	1.3955063136509578
86.72887123966723	1.5414532835034536
86.87677381546828	1.5797184416858923
87.32048154287146	1.693736158434541
87.61628669447359	1.43961282634987
87.85612870928611	1.4020830276930762
88.17591806236949	1.516724058235459
88.555667919156	1.7650297689316656
88.88744937297999	1.4747502784482576
89.32316236655609	1.447951847567427
89.50304387766548	1.5942969703797292
89.5989806835905	1.6635079253683887
89.82283323074886	1.633739375299922
90.09065681395617	1.7443978714564135
90.49838823913747	1.6187794901568473
90.57433821049477	1.822913531061876
90.85015652752918	1.8674946778790908
91.05402224011983	2.2155341448837444
91.3338379240678	1.7480443215378927
91.67361411171888	1.8807374063914193
91.8095245867793	2.0114695638513007
91.96941926332099	2.0291891625282306
92.28920861640435	2.670005628873988
92.71692687615335	1.3614946077931414
92.83684788355963	1.7143544941814304
93.04071359615028	1.9321523854887712
93.13265303516174	1.8582572036475358
93.56836602873784	1.5250285726919715
93.78822120898265	1.996772884670123
94.13998949737437	1.7389874948747641
94.3318631092244	1.9937516102904778
94.61567616008588	2.2712088101771046
95.01941021835364	1.9024480894187226
95.36718113983181	1.8089457929617938
95.59902842081726	2.1620152349563844
95.7749125650131	1.9987124551877433
96.06672034970168	1.864520907052508
96.25459659463816	2.414986148986005
96.60236751611633	2.658522390577876
97.03408314277888	1.5932780037564158
97.19397781932058	2.667049376236462
97.66966448203209	2.0618793544868734
97.78159075561128	3.182146274298518
98.23729058375507	2.3107307445057694
98.5530825699249	2.1515316866453595
98.75694828251555	2.6020412770865917
99.03676396646351	3.5661806403210767
99.50845326226147	2.0438904987254793
99.76828211164172	2.7386495387813907
100.1000635654657	1.8493730593312097
100.33191084645115	2.1672430549712463
100.7716212069408	3.5042897313005272
101.07941845928354	3.8356543950988713
101.43518411458881	2.856910685291444
101.92286287804095	3.2109177531994564
102.04678125236074	4.297923025551102
102.24265223112431	3.687293505153764
102.67836522470041	2.8232951176969
103.066109815314	3.8952161247142754
103.55778594567968	2.0021380542066245
103.64972538469114	2.6327144450257816
103.78163849283803	3.073380486671438
103.92554370172554	3.167818061092627
104.12541204740265	3.10984274608764
104.48917243653499	3.09470688092642
104.86092755949441	3.2149478930288398
105.1927090133184	5.461202286597933
105.77232721578203	3.2108971582770045
105.91223505775599	4.389545122163632
106.42789538960292	2.444112324117897
106.68772423898318	2.8996226253321438
106.90358205231443	4.29314534338578
107.38726344885305	2.5275732466163308
107.51917655699994	2.961426143009986
107.85895274465103	4.16791014756414
108.07081319106875	3.35834812375737
108.53850511995319	3.135979793845929
108.89027340834488	4.770329047313972
109.38594690562412	3.4821770734454285
109.87362566907626	1.9098180253583958
109.90960197129814	2.342561346460502
110.22939132438151	3.190455812683326
110.66110695104408	4.198460958547919
111.09282257770661	2.8112174574600006
111.36864089474103	3.8218180376068434
111.58849607498585	3.0758227621389747
112.03620116930257	2.4588645366555704
112.15612217670882	2.469172361033078
112.51988256584116	1.6528005224848132
112.67977724238284	2.260993169437123
112.79570088287558	2.3952894358950867
112.94360345867663	2.431135899985437
113.16745600583499	2.298555962398295
113.53521376188087	2.5815200885904317
113.98291885619759	2.695603506655428
114.16679773422052	2.5220996688296045
114.5625370586612	2.4186169660618
114.63848703001851	2.3951925409675727
115.08219475742169	1.9333743495623135
115.19012366408731	1.9875941165899766
115.51391038408424	2.1253900317208316
115.94162864383325	2.011391545116151
116.05755228432596	2.271494021983929
116.44129950802602	1.9602216048320895
116.75709149419585	1.9977719685494153
117.04090454505733	2.0202864399611986
117.4726201717199	1.449380960209182
117.53258067542302	1.8402801863108365
117.9283199998637	2.1128471764014978
118.34404615887208	1.3355512841507287
118.43198823096999	1.577052369455096
118.63185657664712	1.550355660414181
118.89168542602735	1.566325556776825
119.20348004528365	1.8266566924288974
119.50727993071284	1.7885203302139232
119.91501135589414	1.4891217059234052
120.05491919786812	1.6382499788822793
120.43466905465463	1.4469688438681887
120.86238731440363	1.716721698680905
121.13021089761097	1.6819471476413517
121.50996075439747	1.5424568871037203
121.90969744575169	1.6535452119049687
122.27745520179755	1.5876049172100597
122.5852524541403	1.47301049736067
123.03695491537056	1.450523385663669
123.30477849857787	1.9663480001085052
123.76447569363523	1.3550810794820511
123.77247042746232	1.4993047853999135
124.20418605412488	1.889267778797064
124.65588851535513	1.185646284750916
124.66388324918222	1.266240124756148
124.84776212720516	1.567343353227474
125.2874724876948	1.2755121671794247
125.31945142300313	1.3666133691402427
125.40739349510106	1.4366704799705932
125.66322497756776	1.5054128093977406
126.00300116521883	1.4636310087554145
126.16289584176053	1.5053992008759076
126.43471679188139	1.4416173667352794
126.7385166773106	1.3414423555180133
126.90640608767937	1.4118155814408562
127.18622177162732	1.3835329895914283
127.58196109606799	1.3513979073356295
127.76983734100446	1.5702655251159023
128.20155296766703	1.3538428258648345
128.28150030593784	1.3959017878779492
128.7332027671681	1.3960563391883032
129.1569236600036	1.5483656384871056
129.4687182792599	1.490534039389002
129.64859979036925	1.7964236740406143
130.06032858246414	1.319106580841711
130.42408897159643	1.3503366888510566
130.73188622393917	1.2530097675902865
130.9677308718382	1.2843715589886746
131.2075728866507	1.288887659387357
131.51537013899346	1.4871208137739156
131.8311621251633	1.4118287095415738
132.27886721948	1.2334389131484524
132.33882772318313	1.290724304041305
132.59066183873628	1.4075150260591285
132.8384985873759	1.4711785178040753
133.14629583971865	1.4471099838307202
133.58600620020826	1.490661996212169
133.6459667039114	1.4746440703245092
134.0896744313146	1.3496164259936654
134.50540059032298	1.1988860667902788
134.61332949698863	1.2577651402389773
135.02106092216994	1.662690837358949
135.43278971426474	1.3720667076342197
135.6086738584606	1.499419937124159
136.02040265055547	1.3657714970229073
136.44812091030448	1.299521178537505
136.56404455079718	1.4405695322146481
136.92780493992953	1.3300467699715641
137.07970488264414	1.5066888075362497
137.41148633646813	1.5482005670072205
137.75925725794633	1.3241983582246233
137.87518089843903	1.4950928242611456
138.2749175897932	1.3004445982827597
138.33088072658282	1.5921642383229706
138.71063058336935	1.4135872124064675
138.8305515907756	1.5428268038101463
139.00643573497146	1.5891056290957473
139.29824351966002	1.9000578985984204
139.56606710286735	1.6063939314773736
139.82989331916113	1.4591644567609732
140.08172743471425	1.626196783439686
140.50544832754977	1.4809922359384005
140.68532983865916	1.5740537556318792
141.0770717961863	1.9268151382916467
141.46481638679987	1.5954431430846026
141.76861627222908	1.4236815345996179
142.18434243123747	1.4906002339726343
142.45216601444477	1.4986857768571435
142.72398696456563	1.5890797383910928
143.0038026485136	1.8896587270380802
143.34757620307823	1.8142734234163702
143.78728656356785	1.4771146711827012
143.85524180109806	1.7483969491672344
144.12706275121892	1.704136439316086
144.5387915433138	1.6411279205347786
144.64272308306587	1.9367369397160081
144.93852823466798	1.8129994799936329
145.35825176058992	2.2015341432850315
145.78197265342538	1.711904269568882
146.01381993441083	1.9559004409844871
146.1897040786067	1.7485415145290626
146.5694539353932	1.8194517214235375
146.7653249141568	2.2305404627013528
147.21303000847348	1.9212747903083374
147.5088351600756	2.4373941582905108
147.8885850168621	1.6949618252060215
148.07646126179856	2.161796800125627
148.50817688846112	1.9752690115193385
148.9239030474695	2.7202965329824207
149.35162130721852	2.046859164291636
149.5674791205498	2.344636318243695
149.93123950968214	1.8784336995742092
150.34696566869053	3.1258353578761797
150.80666286374787	1.6624964319321631
150.84263916596976	2.314533374061169
150.95456543954893	2.4659442236000944
151.35430213090314	1.9262248247391225
151.75403882225734	1.717397850672853
152.0258597723782	2.8171682554886783
152.36163859311574	3.187286343579965
152.8493173565679	2.2733450284693535
153.30501718471172	2.1879342534199835
153.41294609137736	2.3595713149761637
153.74472754520136	2.6089645396095102
154.1964300064316	2.4338925856259417
154.25639051013474	2.5013841941114157
154.5442009279098	2.149671022711695
154.80402977729003	2.348064036343033
155.1997691017307	2.4661921682734937
155.5515373901224	2.913496295362932
155.67145839752865	3.2027624417363105
155.92329251308183	2.9858076713878705
156.31103710369538	3.5353502895721816
156.80671060097464	2.4402806980611604
157.27040516294554	2.481123909016158
157.42230510566014	2.5600933335766913
157.55821558072054	2.4556332227880033
158.00192330812374	2.565268196696984
158.1058548478758	2.7759212893270075
158.49759680540296	2.3889936631028306
158.82538089231343	2.9876387242356115
159.2890754542843	2.595737819104275
159.52891746909685	2.431884366161057
159.8287199876125	2.4755310084731
160.1605014414365	2.008999123363458
160.48029079451987	2.175222190323715
160.65617493871574	3.1631838861463017
161.14385370216786	2.3034998760628618
161.2677720764877	2.7658602362922386
161.6954903362367	2.446641638650449
161.82740344438358	2.288204879489388
162.23113750265136	1.9059475573098021
162.46298478363676	3.1557218318518854
162.9306767125212	1.6392021081713386
163.17451609424725	1.75020279903629
163.46632387893587	1.9441906905733377
163.71815799448902	1.8440180087099138
164.14587625423803	2.242168859239226
164.2657972616443	3.0163105556936753
164.5975787154683	1.9423794635537281
164.78545496040476	1.7926032985234777
165.22916268780796	1.8435063474495634
165.65288358064342	1.6551537144026982
165.8687413939747	1.8650538760269977
166.22450704927994	1.678357495518835
166.4603516971789	1.7201633056102241
166.89606469075503	1.3775150317651992
167.09593303643214	1.929207350283896
167.52365129618116	1.4034153464423853
167.6435723035874	1.8062119553322853
168.0233221603739	1.3920952738430084
168.1072668655583	1.6387265524762864
168.25916680827288	1.936090306362829
168.59094826209687	1.5669548171537153
168.93072444974797	1.5611375784332602
169.22253223443656	1.837256279860683
169.67823206258038	1.2826852688725496
169.86610830751684	1.862106103456565
170.30581866800648	1.6243285258918758
170.60961855343564	1.4416678974974628
170.94939474108676	1.718894235119492
171.29316829565138	1.4487668229472699
171.6929049870056	1.3591365956831305
171.98071540478063	1.609964020747531
172.11262851292753	1.5787881114825768
172.4603994344057	1.4566582769091676
172.63628357860154	1.5441480427778351
172.96806503242553	1.4295313203810789
173.33982015538496	1.3366981880774298
173.6676042422954	1.3534777036362
174.03136463142778	1.505607812973855
174.25121981167254	1.5691740455339256
174.4151118551278	1.4635689150798203
174.74689330895183	1.2706759062400401
175.0666826620352	1.434115079190056
175.45842461956232	1.3014525655066178
175.9021323469655	1.276268103464235
175.94610338301445	1.463914494841888
175.97808231832278	1.4977660843462293
176.3898111104176	1.2846527965546328
176.43777951338012	1.4351642056707494
176.7975425355989	1.4084721741738067
177.06536611880625	1.4600296065230727
177.5050764792959	1.3726981778979543
177.53305804769064	1.4164462422764235
177.88082896916882	1.1793772217880953
177.98875787583447	1.263835873387301
178.17263675385743	1.3161665683937496
178.4924261069408	1.3098841889473536
178.74426022249398	1.3768974095851112
178.86817859681375	1.3720274322135664
179.23593635285962	1.3105917047663045
179.48377310149925	1.4043967530818577
179.60769147581905	1.4438201485507907
179.9434702965566	1.4124869940360105
180.2392754481587	1.5073259594583082
180.68698054247542	1.28096035559494
180.79091208222752	1.3519008575415512
181.15866983827343	1.637767635920334
181.43848552222136	1.3884393305189389
181.61836703333074	1.4195712688151974
182.01810372468495	1.2223891958124988
182.15001683283182	1.2863283804798078
182.48979302048295	1.2600807255199362
182.78959553899858	1.5352910726739013
183.22930589948825	1.3863377989826113
183.26128483479658	1.4355114566025953
183.70099519528623	1.3928554441551189
183.94483457701227	1.4051530421194265
184.32058706688525	1.596914718828565
184.77228952811552	1.3317065917822937
184.90820000317595	1.4689954575137265
185.32792352909786	1.2505026336317029
185.4078708673687	1.3015054105557178
185.71566811971147	1.4372842778946628
186.13539164563335	1.460385556983495
186.57909937303654	1.4223200232277564
186.82693612167617	1.4161483749729886
187.1507228416731	1.4142329980970867
187.37857275574498	1.3567071231897734
187.6943647419148	1.381347656381298
188.06611986487422	1.6236390927141053
188.37391711721696	1.4467496502014165
188.78164854239827	1.4741034862238103
189.2253562698015	1.3923817748742078
189.2373483705421	1.4131805460311786
189.39724304708375	1.573394934107926
189.70504029942649	1.560292467014337
190.0807927892995	1.7277741878268738
190.45654527917245	1.7335599552811143
190.91224510731627	1.382699504782289
191.0041845463277	1.409800306438427
191.41591333842257	1.4600900824978207
191.68773428854345	1.5433707723976418
191.88760263422054	1.5232506118787725
192.15542621742784	1.6726671880854713
192.53117870730082	1.3832866786159261
192.62711551322585	1.6275324054971672
192.83897595964356	1.6880134086897467
193.166760046554	1.4963276666383882
193.5624993709947	1.4932684185822738
194.00620709839788	1.411195683749811
194.02619393296558	1.7029556581809755
194.32999381839477	1.8092005742430894
194.7497173443167	1.6532113274655686
194.80168311419277	1.7462602054108611
195.15345140258444	1.5254481178434354
195.40528551813762	1.6051611431559285
195.60915123072826	1.564098088079314
195.86498271319496	1.9610618447863866
196.248729936895	1.7066147081545713
196.50855878627522	1.7336382630158307
196.8243507724451	2.0005639509982003
197.24807166528055	1.6429251717361584
197.6637978242889	1.6169419706343313
197.7437451625598	1.7159777518676234
198.05154241490254	1.6079659334281677
198.30337653045567	2.106497045751898
198.43528963860257	2.3448792757817563
198.79105529390782	1.7774093941029632
199.1668077837808	1.5869037410925158
199.3786682301985	2.0477077898238822
199.7664128208121	1.7927751010343251
200.15016004451212	1.800086830128921
200.39799679315178	2.1304181865287877
200.5698835704341	1.943747111697898
200.9616255279612	1.713895504983563
201.13351230524353	1.9878024373869834
201.5892121333873	2.0269908209976113
201.97695672400093	2.318624767739777
202.2327882064676	3.2981276983321237
202.71247223609268	1.8022620393094977
202.83639061041248	1.86677426691351
203.24412203559376	1.9260492352315794
203.34005884151878	2.119278287751553
203.79975603657613	1.825789427339425
203.8277376049709	1.9129249502564607
204.24746113089284	1.9036047649765606
204.47131367805122	2.7868241748321747
204.79909776496166	1.9849604014959734
205.1788476217482	2.3014621087738503
205.44267383804197	2.518907781265363
205.65453428445971	2.620682694095753
206.03428414124622	2.025756286226002
206.29811035753997	2.1070800945494303
206.65387601284525	2.688632108545623
207.109575840989	1.650215735848585
207.1895231792599	2.034987287506826
207.56127830221928	2.151145041364745
207.69718877727973	2.2222463906705467
208.11291493628812	2.2072290857194936
208.52464372838293	1.7093189790723249
208.72451207406007	2.0979268097599864
209.1162540315872	1.9217302749004377
209.23617503899348	2.745838265420197
209.59593806121222	2.0920689065515923
209.98768001873935	1.7831855077868821
210.09161155849148	2.4422119837411174
210.45936931453735	1.8883079731845684
210.88708757428637	1.6932547335873651
211.2148716611968	2.611149212053589
211.5466531150208	2.339797494210409
211.92640297180733	2.0048478179610605
212.25418705871778	1.6750413418047945
212.52600800883863	2.4309523087342866
212.9297420671064	2.13027586941454
213.39343662907729	1.5502738673757026
213.41742083055854	1.9052716672033325
213.5213523703106	2.005337431316926
213.81316015499922	1.7760856192649077
214.1249547742555	1.6524623151406068
214.42075992585762	1.5582467020372204
214.63262037227537	1.774199886023244
214.93642025770455	1.720713303663246
215.21223857473896	1.5211309445529042
215.54402002856295	1.7072741759468077
215.98373038905257	1.4929956414128922
216.0596803604099	1.6969471088306787
216.5033880878131	1.7658021984585879
216.60332226065162	2.1172453873097226
216.9510931821298	1.759390827847191
217.37081670805173	1.479095249243194
217.4147877441007	1.5657839808318843
217.81052706854138	1.4864461730165022
218.0024006803914	1.7483816690027485
218.35017160186956	1.559076365034386
218.4700926092758	1.7196761658203301
218.8858187682842	1.4002837802075205
219.18162391988633	1.8003802220100877
219.4934185391426	1.5432055972393344
219.7012816186468	1.4668218317692185
219.97709993568122	1.4163091898708304
220.36484452629477	1.5543585269372242
220.56071550505837	1.575208903301998
220.94846009567195	1.5185503625814345
221.31222048480427	1.3627762327015045
221.65199667245537	1.4094443216820352
222.0237517954148	1.4095632014890238
222.3395437815846	1.4584178245633725
222.69530943688986	1.3969997507776633
222.87519094799924	1.426402685852861
223.17099609960135	1.536831745783494
223.57073279095562	1.3288683460521749
223.96247474848275	1.4621470046748457
224.4021851089724	1.2942908259954136
224.55808241860052	1.276904617381063
224.93383490847347	1.4115684624560942
225.0617506497068	1.4847946129156206
225.50945574402357	1.4272677471634132
225.64936358599752	1.4999967294013636
225.8172529963663	1.505528434684298
226.26895545759655	1.4151799364284114
226.42085540031115	1.433897141075785
226.68068424969138	1.4251905246334438
226.89254469610913	1.334992697999691
227.3162655889446	1.2490853094048784
227.42419449561024	1.4922506418363735
227.75597594943423	1.278746760737929
227.8958837914082	1.3093563659951788
228.31960468424367	1.2826023889511755
228.53146513066142	1.381465443483697
228.92720445510207	1.3152596059832988
229.2429964412719	1.4321773254111476
229.61874893114486	1.3616323328611912
229.78663834151362	1.357806906743113
230.19436976669493	1.2454223779054656
230.26232500422515	1.3680390864083958
230.67405379632	1.2907671806508734
230.88991160965128	1.5220753265186087
231.32562460322737	1.2512277068789897
231.4215614091524	1.2859493188538789
231.69338235927324	1.3753533301740304
231.8892533380368	1.456828526329505
232.31697159778582	1.426364282748689
232.41690577062437	1.4229524367363366
232.77666879284317	1.3951754047910279
233.11644498049424	1.2502007237176045
233.32031069308488	1.3374571490397846
233.66808161456308	1.5082611791612754
234.1077919750527	1.27461338945171
234.27168401850793	1.3956690226148636
234.71539174591112	1.3226864302123644
234.88727852319343	1.45719177557136
235.16709420714136	1.3801427128322348
235.46689672565705	1.310815584895189
235.7786913449133	1.3419736156627429
236.06650176268835	1.262342011760134
236.2783622091061	1.3535349556684484
236.55018315922698	1.513362396685801
236.77803307329884	1.806891138479575
237.17377239773953	1.3477920449663492
237.52554068613125	1.3413725157786938
237.9692484135344	1.3113287520678747
237.99722998192922	1.3477537041604701
238.41295614093758	1.4115089563185437
238.6767823572314	1.3581710155646722
238.9526006742658	1.332314720564709
239.39231103475544	1.289530601696477
239.65613725104922	1.4542916837254694
240.015900273268	1.3612246822488203
240.2917185903024	1.5000007826514075
240.7394236846191	1.550207933248957
241.0512183038754	1.5168609965551803
241.48293393053797	1.4343809125715672
241.78273644905363	1.387076969637059
242.102525802137	1.51502735261849
242.54223616262664	1.5483806793433732
242.63017823472458	1.531528819773757
242.99793599077046	1.6010695865919407
243.1578306673121	1.5187402950496849
243.6015383947153	1.3372860613315838
243.78941463965177	1.7528726627684033
244.11719872656226	1.7876158007417255
244.26110393544977	1.727160827710779
244.68082746137168	1.4530543401511486
245.0246010159363	1.6772643598226178
245.3923587719822	1.4096943215979691
245.48429821099367	1.455024324411718
245.79609283024993	1.5219800810045172
246.16385058629584	1.3963332339587775
246.38770313345418	1.8728786232982717
246.79943192554902	1.7387924385215365
247.17918178233552	1.7023176581492636
247.4709895670241	1.8054423792963623
247.8707262583783	1.67536469217168
248.03062093492002	1.733590571769828
248.47033129540966	1.6938744740718834
248.75414434627115	1.6985792928978303
249.03396003021908	1.6289647378891112
249.2258336420691	1.6931562436952472
249.59359139811497	1.6106789156730374
249.90138865045773	1.7456392108360872
250.32111217637964	1.4690833358039144
250.44503055069947	1.9348336729513447
250.84876460896723	1.830396685173805
251.24450393340788	2.079027944003809
251.6122616894538	1.8274275358889
252.00400364698092	1.5515939577783922
252.33978246771844	1.586210380716021
252.7035428568508	1.738953739070709
252.9154033032685	2.0237495279651494
253.13925585042685	2.066628779726757
253.17123478573524	2.065181987400884
253.61893988005193	1.9153548587847202
254.0346660390603	2.0349222234387865
254.12260811115826	2.1058841630008676
254.4104185289333	2.0187403635194827
254.83413942176875	1.8532107877311201
255.1619235086792	1.8739679339466178
255.4657233941084	1.8944579988254115
255.91742585533868	1.4156479706057783
256.18924680545956	1.719980704374401
256.4530730217533	2.3393965218500643
256.82482814471274	2.2859431735001494
257.24055430372107	1.916980437230116
257.63229626124826	2.2257612095923203
257.75221726865453	2.3161526608409435
257.9440908805046	2.1235651248987515
258.2598828666744	1.6697690890193089
258.6876011264234	2.129259702513886
259.08733781777755	2.019955925164635
259.5070613436995	2.0822408390392515
259.9227875027079	2.2706320224531797
260.26256369035895	1.7828378210112512
260.67429248245384	1.5836707380580448
260.93811869874764	2.5430831034044594
261.4098079945456	1.6841001531996793
261.7016157792342	1.6407355738379503
261.9934235639227	1.658769025936939
262.4291365574988	1.4344760272118917
262.5330680972509	1.879669271325822
262.8608521841614	1.8046154670731371
263.20062837181246	1.555923623642356
263.49643352341457	1.7634256520501461
263.6963018690917	1.747479319268469
263.90416494859585	1.6666657545745742
264.19597273328446	1.5701358438104154
264.39584107896155	1.5886293450455593
264.79158040340224	1.7062396963246316
265.0953802888314	1.503847136284325
265.4631380448773	1.4489910329901876
265.84288790166386	1.723394190197212
266.2546166937587	1.6278997295079303
266.4824666078306	1.5944020331800668
266.9101848675796	1.9030178985179602
267.3179162927609	1.4761833632626695
267.69366878263384	1.6666220986144673
268.1093949416422	1.438608290249956
268.15736334460473	1.5697036226441878
268.3932079925037	1.7368448391203977
268.78095258311726	1.5187803123742218
269.1806892744715	1.7648488155434414
269.4605049584195	1.4887694777923786
269.892220585082	1.3896190939972144
270.1920231035977	1.6956536438505827
270.40788091692895	1.6093723664948845
270.81161497519673	1.3002850661668222
270.91954388186235	1.4129747988160257
271.1793727312426	1.4097759531219247
271.595098890251	1.3162454853950027
271.66305412778115	1.375404035188669
272.08677502061664	1.4070971325896138
272.2346775964177	1.4767227257801232
272.63841165468546	1.2271592120478156
272.7103642591292	1.3589305738888755
272.9502062739418	1.383399074502555
273.3419482314689	1.4579278162834897
273.7816585919585	1.3821217668667598
274.15741108183147	1.3880748451168716
274.59712144232117	1.191439525232657
274.6530845791107	1.2516764522597157
274.67307141367843	1.2650648056946148
274.76101348577635	1.3112765256377001
275.1327686087357	1.3664238461383351
275.2167133139202	1.3496455474484934
275.60845527144727	1.295807822264129
275.76435258107546	1.2823749097542643
276.10812613564	1.2909258996387472
276.4998680931672	1.3006777958561182
276.5678233306974	1.3895451446284737
276.93158371982975	1.360438913411801
277.15943363390164	1.3154540503873298
277.57515979291003	1.2788758773353173
277.7630360378465	1.4887607658700737
278.0628385563621	1.392330436492478
278.4345936793216	1.337102429289943
278.74638829857787	1.4531745027278866
278.998222414131	1.33816717546424
279.2500565296842	1.4079112838748982
279.58183798350814	1.339668758153814
279.8096878975801	1.378095001941349
280.0655193800468	1.403097299302163
280.4932376397958	1.2036751770273548
280.5492007765854	1.3548450983127136
280.5771823449802	1.3975071340200815
281.02488743929695	1.1955228010900412
281.032882173124	1.2017199223453603
281.268726821023	1.3214948586174087
281.5245583034897	1.2502717418760314
281.86433449114077	1.3261577075355733
281.9922502323741	1.3833972254147218
282.411973758296	1.166619724507429
282.57586580175126	1.2596079313663846
283.0075814284138	1.3421921169538815
283.1514866373013	1.4379883090831227
283.51524702643366	1.3881425186852134
283.9349705523556	1.242653411462618
284.1428336318598	1.2854131250354897
284.4186519488942	1.3167104836210173
284.6664886975338	1.3083579739816034
285.0102622520984	1.4163217100534364
285.3700252743172	1.2185211115271553
285.729788296536	1.3446389768797227
285.8617014046829	1.4278554426265662
286.2614380960371	1.349482473257465
286.3453828012215	1.3555518454236544
286.56923534837983	1.3316212994797865
287.004948341956	1.2825312147805898
287.08089831331324	1.3214052823005182
287.42067450096437	1.4805149819635903
287.7484585878748	1.3451168058674172
288.1362031784884	1.2856570917360377
288.4959662007072	1.4515841381753336
288.75979241700094	1.3911733838635263
289.13954227378747	1.2770427719859065
289.41935795773543	1.2908480986207014
289.6751894402021	1.3121617707137831
289.9150314550146	1.4574223229769192
290.20683923970324	1.4018218798802897
290.418699686121	1.5041664278708171
290.8344258451293	1.2575583376176303
290.8943863488325	1.5113385582531529
291.17020466586683	1.3573183300471099
291.5979229256158	1.1887213473275389
291.8657465088232	1.4925947044434178
292.18953322882015	1.3738162879864877
292.6132541216556	1.4761287274382862
292.6452330569639	1.5299932730956847
293.09693551819413	1.3108407616744406
293.1169223527619	1.4030961599698917
293.3047985976984	1.4968712047818933
293.5806169147328	1.6062399490832284
293.96036677151926	1.4930223868600319
294.2721613907756	1.6092661648225848
294.4160665996631	1.7342348553377571
294.835790125585	1.3000552517764117
295.24352155076633	1.5514380137404415
295.6712398105153	1.413311541215897
295.76717661644034	1.4987880393412043
296.0869659695237	1.6573628216395164
296.4827052939644	1.390205275553532
296.6625868050738	1.4490653665570987
297.07831296408216	1.6464428876055845
297.3101602450676	1.741754738064067
297.4100944179062	1.7191315135517815
297.82582057691457	2.0204648863171544
298.17359149839274	1.8967903819998209
298.3214940741938	1.7283028827498965
298.77319653542406	1.625045719404807
299.0650043201126	1.508693775587115
299.4887252129481	2.3565664604575294
299.93243294035125	1.4120823585575502
300.12030918528774	1.8294727650215856
300.2202433581263	1.8055322148985904
300.63197215022115	1.730497782564549
300.7359036899732	1.821235961227046
301.1796114173764	1.7645628008197336
301.6353112455202	1.9680762001990977
301.84717169193794	2.033328699873647
302.1070005413182	1.699194044454887
302.4028056929203	1.662290797023176
302.83452131958285	1.4339063577297142
302.90247655711306	1.7920217132142198
303.2022790756287	1.5914066657353905
303.47809739266313	1.786479457582829
303.7579130766111	2.207652550813883
304.02173929290484	1.7813100893861624
304.3575181136424	1.5871744955372487
304.6413311645039	1.7803149575475343
304.84119951018107	2.028293797817224
305.2569256691894	2.021106068866781
305.6846439289384	1.7796399532239424
306.1283516563416	2.1080219974237506
306.4401462755979	1.830111617184513
306.71196722571875	2.214610781501617
307.1157012839865	2.41778355660261
307.3515459318855	2.2772334838087396
307.6753326518824	1.6212832552508327
307.94715360200325	1.6984888459939391
308.0271009402741	1.6743331850546148
308.4108481639742	1.8726016788515571
308.6746743802679	1.8473360817327427
309.10239264001694	1.3761799521700127
309.3422346548295	1.8226468442483492
309.62205033877746	1.7875497871735369
309.98980809482333	1.9408591222447158
310.43751318914	1.8255640312587231
310.7053367723473	1.967951398925941
311.0970787298745	1.5376724086046893
311.3089391762922	1.6422176445677388
311.6726995654245	1.8583012234279042
311.86457317727456	1.8613291317905722
312.2443230340611	1.636977614163678
312.5401281856632	2.113281524983529
312.995828013807	1.4653627199380903
313.09975955355907	1.6718156212481294
313.4915015110862	1.61801642328779
313.8672540009592	1.3677217976617164
314.1110933826852	1.6334610978114368
314.44287483650925	1.4167716667949763
314.6787194844082	1.9233868727259544
315.0624667081083	1.6752167908574411
315.4622033994625	1.459139953284136
315.5341560039063	1.728527695757702
315.8379558893355	1.5269474561815846
316.1777320769865	1.540497877242277
316.5734714014272	1.516603854925608
316.9172449559918	1.6256282765052363
317.1331027693231	1.4523986878714568
317.55282629524504	1.565338649154175
318.0005313895618	1.4391540704745744
318.05249715943785	1.5795543433005084
318.4122601816566	1.408695019120658
318.71606006708583	1.393851732538646
319.0478415209098	1.4032227985346561
319.27968880189525	1.4578343483412015
319.52352818362135	1.4886653842373705
319.96323854411094	1.207497549322611
320.0032122132464	1.3045972546973221
320.07916218460366	1.4062045865964665
320.5148751781798	1.3635504111684285
320.9106145026205	1.4897145034913724
321.09449338064337	1.4174958517888738
321.41428273372674	1.3675180606768227
321.8100220581674	1.5056070730761246
322.1937692818675	1.4199581245047055
322.5335454695186	1.3556367321090654
322.89330849173734	1.4261789401065603
323.2770557154374	1.358709599771069
323.65280820531035	1.3073547428138284
323.9086396877771	1.3162079964890274
324.1564764364167	1.284949450823226
324.59218942999274	1.2229555165445614
324.7680735741886	1.3171925802422992
325.06387872579074	1.484687242856518
325.40765228035536	1.2661709683744355
325.8033916047961	1.4143616854755594
326.1551598931878	1.2333556211715244
326.4629571455305	1.2899709054404416
326.7667570309597	1.3249067716590828
326.8906754052795	1.3035887592069528
327.26642789515245	1.389081529184784
327.6701619534202	1.1865787166132113
327.8700302990974	1.2386549495633512
328.0499118102067	1.2761048077980484
328.4416537677339	1.2241601011169156
328.56557214205367	1.4591184428588222
328.8573799267423	1.243912419161742
329.10121930846833	1.3101875991687164
329.37703762550274	1.318660263817605
329.76078484920276	1.3031670260100883
330.1245452383351	1.265963451046489
330.26445308030907	1.3672308262334059
330.55226349808413	1.4785020885579963
330.9879764916602	1.1594170817000466
331.08391329758524	1.2523212943456197
331.4396789528905	1.2917352826038278
331.8394156442447	1.3617971533912328
332.15920499732806	1.3467787969392073
332.439020681276	1.2825846188284464
332.85074947337085	1.2310930372422189
333.28646246694694	1.276921494230284
333.34242560373656	1.3133302281304728
333.5662781508949	1.401095312133426
333.6542202229929	1.4029753387176578
333.98600167681684	1.2964181729318054
334.2298410585429	1.5457644003267625
334.61758564915647	1.2687018681219366
334.8294460955742	1.392372733427196
335.2051985854472	1.27200048335619
335.65290367976394	1.264788569875051
335.68887998198574	1.2750862093221005
336.12059560864833	1.3807722998069751
336.1445798101296	1.3881159554548204
336.40840602642334	1.3963971205245305
336.70820854493905	1.3204108239015149
336.9040795237026	1.3499387792972317
337.3078135819703	1.3251834850933029
337.6355976688808	1.4640811102907334
338.0313369933215	1.3335960240884572
338.4510605192434	1.2892195641867121
338.8108235414622	1.3711377321791576
338.9747155849174	1.366046772460703
339.3704549093581	1.4131052891295472
339.6862468955279	1.3624488943074395
339.8461415720696	1.3601884284107895
340.26586509799154	1.529518962371172
340.69758072465413	1.3479779108319527
341.0853253152677	1.4052672001862696
341.47306990588123	1.5680679405872766
341.7009198199532	1.5028889829139815
341.93276710093863	1.5195751416891468
342.3125169577251	1.449339599928797
342.5883352747595	1.428310764843121
342.8761456925345	1.3545889505371438
343.23590871475335	1.469929592714267
343.5556980678367	1.6293398222715014
343.9794189606722	1.4655887190667605
344.33918198289103	1.4259885388410343
344.5710292638764	1.5021321342971956
345.01073962436607	1.4622228488191067
345.0387211927608	1.4570290316828873
345.48242892016407	1.3812992988992834
345.8182077409016	1.4365279311976684
346.15398656163916	1.4766173055916334
346.46178381398187	1.4280830389989831
346.61368375669645	1.6403702544971277
346.9654520450882	1.5856410291494711
347.27324929743094	1.7340722625480196
347.281244031258	1.7366256091619345
347.71695702483413	1.4118484911160527
347.8088964638456	1.4802364442086267
348.14067791766956	1.5019638321795272
348.46846200458003	1.4314892716910217
348.6443461487759	1.6051282271063219
348.82422765988525	1.6529243113242533
349.02009863864885	1.7041770288672298
349.33189325790516	1.72055905349831
349.7556141507406	1.5140545732721091
350.17933504357603	1.8342696410998869
350.47114282826465	1.7949112451607554
350.89886108801363	1.5007091853171843
350.96681632554385	1.5399070279001252
351.37854511763874	1.4465456036207311
351.7023318376356	1.8045609217314764
351.97015542084296	1.5657954907315692
352.4218578820732	1.6317916875988157
352.8175972065139	1.6607340728211635
352.9135340124389	1.8142460154070092
353.3652364736692	1.7748303429208594
353.5770969200869	1.6387710873670378
353.8529152371213	1.7619210688140425
354.1647098563776	1.5829345056908513
354.4605150079797	1.6156312285295715
354.8602516993339	1.316738294849629
354.98417007365373	1.6834381064473618
355.28397259216945	1.8495995393593991
355.531809340809	1.901645750814105
355.85559606080596	1.907226624110205
356.27531958672785	1.4852244726472699
356.45520109783723	1.705545871723038
356.76299835018	2.3282887950121074
357.21470081141024	1.7834368618129819
357.6104401358509	1.8793996043180283
358.0381583955999	1.5424725739172416
358.26600830967186	1.4881441334241365
358.6217739649771	1.6441797046005742
358.9815369871959	1.6610687774509714
359.2613526711438	1.8264765786787591
359.62511306027614	1.3507684840064775
359.76102353533656	1.6527413034600549
360.0528313200251	1.5118860028792813
360.3086628024919	1.7615960496604102
360.7603652637221	1.5596804539878724
360.94824150865867	1.5434823345662687
361.2480440271743	1.4369412160025772
361.41593343754306	1.9292439032661723
361.5918175817389	1.7592191203132184
361.983559539266	1.5921438043627723
362.2154068202515	1.9248475908656204
362.5671751086432	1.5676395545868196
362.79102765580154	1.6975499764623865
362.9549196992568	1.5441847202078671
363.34266428987036	1.5155472779089427
363.54253263554745	1.4961345392224605
363.9062930246798	1.6809359402578858
364.19410344245483	1.6889493833503146
364.61382696837677	1.5392173681922838
364.98158472442265	1.6625494670745598
365.0935109980018	1.5858447486173768
365.4292898187394	1.3509466435906379
365.6131686967623	1.6900574260115446
365.9729317189811	1.6441013190587859
366.42063681329785	1.2182565714934768
366.436626280952	1.3090019290524468
366.8483550730469	1.4986093991576652
366.960281346626	1.5945477152467675
367.38400223946144	1.357513653211912
367.5199127145219	1.4544854908959852
367.8956652043949	1.4773435174029605
368.0075914779741	1.5471835820387265
368.4393071046366	1.8343465987573215
368.87901746512625	1.473947777099599
368.97895163796477	1.4689382296915896
369.42265936536796	1.383474784408694
369.5985435095638	1.4342574090979308
369.88635392733886	1.3845810212351783
370.0622380715347	1.4745078966449698
370.42999582758057	1.5031640070232923
370.8297325189348	1.4161383049368501
370.90168512337857	1.5982421786661023
371.3294033831276	1.24203495161961
371.44932439053383	1.4442175472488838
371.6931637722599	1.3479675250113021
371.93300578707243	1.4895564089634872
372.364721413735	1.2494652113004572
372.3887056152163	1.3239527326088616
372.8124265080517	1.3498256157894792
373.0722553574319	1.281696121201201
373.5239578186622	1.321804117649906
373.5319525524893	1.341331874314844
373.87572610705394	1.5088485451350098
374.2434838630998	1.2863748446385215
374.5232995470477	1.2061943098010395
374.89105730309365	1.3946576308562855
375.31477819592914	1.4957312276829868
375.43869657024896	1.4888408098909007
375.8624174630844	1.5160483558419395
376.3101225574011	1.3109539510945756
376.36208832727715	1.4442429932872412
376.7898065870262	1.1707877517231164
376.88574339295116	1.2292995661653667
377.2375116813429	1.3496421585350724
377.36542742257626	1.3434835215099261
377.80513778306585	1.5216281330963455
378.24884551046904	1.3189171724879194
378.54465066207115	1.2420199100828073
378.88042948280867	1.4275124509329316
379.2401925050275	1.518640770418609
379.6639133978629	1.2655055186609636
379.78783177218276	1.464018758292285
379.8517896427994	1.5127709740241355
380.28350526946195	1.1893711634138344
380.5233472842745	1.3950522280377555
380.93107870945585	1.2104657704945971
381.16292599044124	1.3832603754430646
381.5506705810549	1.3266487137730574
381.7985073296945	1.429837588368266
382.1702624526539	1.2229055855985473
382.36213606450394	1.2683519001292964
382.68992015141436	1.3697657959012541
382.8058437919071	1.4046401440840441
383.23356205165607	1.468219242759094
383.513377735604	1.3926556809955504
383.92510652769886	1.2419463204158938
384.124974873376	1.5239463226176508
384.56068786695204	1.2147836000948526
384.9644219252199	1.3702506173136375
385.1522981701563	1.376726948652193
385.58001642990536	1.5039218717149931
385.7159269049658	1.6376464230267618
386.1436451647148	1.3067226633291174
386.4194634817492	1.3456692678271858
386.73525546791905	1.2635832190498764
386.8791606768066	1.298160137654807
387.3148736703826	1.2952787932927512
387.51074464914615	1.463762992940175
387.9184760743275	1.4955007829281883
388.32620749950877	1.3385464455351568
388.53407057901296	1.277049187923113
388.88983623431824	1.3402088159225891
389.1136887814766	1.5105801741827367
389.38950709851105	1.4890801536755567
389.76525958838397	1.2857235671374623
389.9091647972715	1.325413032826889
389.96113056714756	1.3343458777230335
390.38884882689655	1.382738878129176
390.67266187775806	1.3449786425176815
390.8765275903487	1.4654949471248169
391.3242326846654	1.5949979980262725
391.43216159133107	1.5468812792419229
391.82390354885814	1.6463394111684124
392.2716086431749	1.3392412527322848
392.4674796219385	1.8372864014274757
392.8872031478604	1.4714937586130743
393.2709503715604	1.6467700290010643
393.71865546587713	1.3504579881275944
393.9065317108136	1.7025408582488164
394.3302526036491	1.4897086626017253
394.36622890587097	1.5063194998520841
394.68202089204084	1.555821350566251
394.80194189944706	1.556869520586484
395.23765489302315	1.9492263147038458
395.6174047498097	1.6348528823150155
395.72933102338885	1.6372984289150971
396.16104665005145	1.4484721294303888
396.26098082288996	1.89482385632067
396.68470171572545	1.9761703100957542
397.1004278747338	1.5379044323735354
397.5481329690505	2.2308853625936536
397.96785649497247	1.795297796535653
398.4235563231163	1.3965458731974978
398.6074352011392	2.5806785284320877
399.03515346088824	1.9153791658417916
399.4868559221185	1.5766854728601265
399.50284538977263	1.5927780698503597
399.93456101643517	1.560408533472657
400.07047149149565	2.0830056937992723
400.4941923843311	1.5576034534996341
400.71804493148943	1.4970511103690207
400.98187114778324	1.5286326747346202
401.3616210045697	2.576682019539451
401.79733399814586	2.074800395896002
402.15709702036463	1.8128000361547656
402.40493376900423	2.3143691319985917
402.8406467625803	2.445008644967453
403.26836502232936	1.5734390305451218
403.420264965044	1.6935198616719727
403.70407801590545	1.6711364490181067
404.07983050577843	2.781604787258074
404.5075487655274	2.3131000286696572
404.95925122675766	2.0840517897948136
405.1511248386077	4.301969626218645
405.54286679613483	2.350868822477189
405.9665876889703	2.38538833409931
406.02654819267343	2.584045692145546
406.4862453877308	1.9286422894513298
406.9139636474798	1.707751515680055
407.17379249686	1.7850582828769133
407.58552128895485	1.425916883612564
407.69345019562047	2.016322867768194
407.87732907364347	2.778890943284076
408.25707893042994	2.586839891636019
408.6488208879571	1.5800254322781946
408.7847313630175	3.321661075383286
409.1764733205447	1.9310020626557565
409.6041915802937	1.5600942632406651
410.0159203723885	1.989526348354891
410.4036649630021	1.6448314683850904
410.65150171164174	1.612526426299562
410.9672936978115	2.99661600261282
411.3110672523761	2.4198368600354763
411.4989434973126	4.021005955168449
411.8427170518773	3.151822088865689
412.246451110145	1.9765770737306807
412.386358952119	3.125828525635699
412.7501193412513	2.3276381476176415
413.1378639318649	1.5584975389964708
413.4536559180347	1.7423348225539894
413.90136101235146	1.5737548745914678
414.2291450992619	1.4704456733764282
414.5769160207401	2.994903415476144
414.95666587752663	2.5855874897173403
415.4283551733246	1.7965595904192797
415.4883156770277	3.5409394348041303
415.8320892315923	2.274290674348129
416.1238970162809	1.960924732640932
416.375731131834	1.7147264672800322
416.76347572244765	1.5527427970367715
417.21118081676434	1.2181721873233318
417.24715711898625	1.3029648389458315
417.65888591108103	2.3144169612592234
418.02664366712696	1.4432037834118194
418.19853044440924	2.9933738390497364
418.5662882004551	3.0187147962745464
419.03797749625306	1.939407670471084
419.1019353668698	2.3789124247397133
419.47768785674276	2.1730608664985893
419.83345351204804	1.744579031254227
420.1172665629095	1.4198253725487286
420.4570427505606	1.4765103159825452
420.70088213228667	1.3385310338275749
420.9327294132721	1.4539220204991543
421.2725056009232	1.749783633468366
421.6482580907961	2.629277504581621
422.0959631851129	1.0490315378724397
422.12394475350766	1.737246231978341
422.1319394873347	1.8266992531042738
422.1879026241243	2.3475398246981123
422.5756472147379	1.658902875479674
423.0273496759682	1.723719516912407
423.4031021658412	1.4147151927107802
423.69490995052973	1.4751461793195078
424.04667823892146	1.4873732411954974
424.4504122971892	1.38941721144724
424.65427800977983	1.4696927997545668
425.02203576582576	1.2886650492024485
425.26187778063826	2.2439788855374325
425.5736723998945	1.806165499878256
425.93343542211335	1.4885374174237063
426.11331693322273	2.270023487398346
426.50905625766336	1.4412475747654687
426.75289563938946	1.6904991184133444
427.16862179839785	1.4344542815246237
427.48441378456766	1.4006233146556877
427.68827949715836	1.3838118085171638
427.96809518110626	1.440308914815002
428.04004778555003	1.399038958076957
428.45977131147197	1.1753308652306256
428.6436501894949	1.5294337167139678
428.9474500749241	1.4874094499619528
429.1872920897367	1.8630021286122855
429.4830972413387	1.63804724226421
429.91481286800126	1.405972469722585
430.0427286092347	1.8088029237207146
430.11068384676486	1.981842466103215
430.5663836749087	1.3680544266611383
430.738270452191	1.4979519530009697
431.18997291342123	1.334398506403105
431.5097622665046	1.3248293981105166
431.8375463534151	1.3832602548237194
432.109367303536	1.23140298982934
432.44914349118704	1.2599381303515411
432.56506713167977	1.6851345370568083
432.99278539142875	1.5674562949870587
433.18066163636524	2.080757311863048
433.49245625562156	1.7170782731438767
433.91217978154344	1.3505872809039778
434.0321007889497	1.558169741417574
434.41584801264975	1.2875190584588758
434.4878006170935	1.5467474249025295
434.67167949511645	1.4264988870220774
435.1233819563467	1.3261303957073258
435.54310548226863	1.3067022110104334
435.8269185331302	1.4329348915848636
435.9388448067093	1.3703613579363725
436.36656306645835	1.4913582853299072
436.56243404522195	1.630738425114657
436.9861549380574	1.632592053901766
437.10607594546366	1.6685437191702988
437.5297968382991	1.3387341334541858
437.8415914575554	1.5087313710472514
438.2693097173044	1.195144829820192
438.36124915631586	1.2905403942868732
438.5930964373013	1.5307866540795807
439.04479889853155	1.7716016995288855
439.48051189210764	1.2544661231905478
439.9282169864244	1.4948652439385548
440.37592208074113	1.5923034227214015
440.48385098740675	2.386563095884671
440.9075718802422	1.7049953336503938
441.3512796076454	1.1999492117448731
441.42323221208915	1.4896890795037645
441.8149741696163	1.3779552350625768
441.9908583138121	1.394839547062639
442.4065844728205	1.780305707130618
442.8383000994831	1.4309232631153612
443.2620209923185	1.4000952030998102
443.4299104026873	1.472680024592425
443.729712921203	1.448570156361086
444.15743118095196	1.432756404013985
444.2813495552718	1.9152517456925597
444.70906781502083	1.5268352140725285
444.76103358489684	1.6444380077106626
445.1847544777323	1.3144783267103204
445.34065178736046	1.4934372285248463
445.77636478093655	1.5649320416915324
446.2160751414262	1.6138471419114644
446.26004617747515	1.7129108729218177
446.6477907680887	1.3992275515359758
446.7477249409273	1.4955651265913814
447.19543003524404	1.3463841596360329
447.3313405103044	1.390937828157144
447.65912459721494	1.8235702729917271
448.0868428569639	2.146087374304132
448.52655321745357	1.1574392482991571
448.55853215276187	1.5924805033212197
448.98225304559736	1.332222459391298
449.15413982287964	1.6196653098025435
449.55787388114743	1.5148189404148327
450.00957634237767	1.8457324071842605
450.43329723521316	1.2430676912049152
450.4652761705215	1.4311311110342029
450.65315241545795	1.4097731456424514
450.92897073249236	1.4915724930056267
451.368681092982	1.4198423482474327
451.45662316508	1.6475339551026
451.84037038878	1.3020921206267038
451.93230982779147	1.5612182135192445
452.25209918087484	1.4653038185173715
452.4679569942061	1.534711128343269
452.80373581494365	1.569594704058105
452.94364365691763	1.8015213436138282
453.3034066791364	1.3953499104133678
453.73911967271255	1.568895147805076
453.81906701098336	1.609631256686058
454.0069432559198	1.5462596451563868
454.4386588825824	1.548754241942
454.7984219048012	1.5102353097810497
454.92633764603454	1.5995545884014097
455.12220862479813	1.6218421783157713
455.4939637477575	1.429171564986183
455.78177416553257	2.0747274910122937
456.1655213892326	1.5280842626240667
456.4013660371316	1.7127798885350434
456.85306849836184	1.2669971338208363
456.9330158366327	1.4124068734237483
457.0129631749035	1.4497108013167892
457.2168288874942	1.5355135759568679
457.66853134872446	1.5358565417217704
457.97233123415367	1.5177949026706798
458.18419168057136	1.6468206688536304
458.4240336953839	1.6765185993397391
458.6558809763693	1.744068052895114
458.87573615661415	1.5930929875519817
459.29146231562254	1.4262876091791612
459.427372790683	1.6689367647987239
459.47534119364553	1.6574378201879456
459.6872016400632	1.5656826457035016
460.1349067343799	1.345709916934883
460.3707513822789	1.3336091553916716
460.70253283610293	1.466771454034467
461.1262537289384	1.3826369442325337
461.19420896646864	1.5245493674537842
461.2581668370853	1.6437640692081448
461.3940773121457	1.6664857379634275
461.6059377585634	1.5245986027148242
461.8577718741167	1.779208836786987
462.2495138316437	1.6593969444307433
462.35744273830943	1.7593227373745055
462.7491846958365	1.6108968474445173
462.94105830768655	1.5712136569043655
463.3807686681762	1.2691239282075217
463.4487239057064	1.3309056523658203
463.6366001506429	1.4250070210960974
463.8044895610117	1.4753003439173131
464.13627101483564	1.4995782622725875
464.34413409433984	1.8223715392685844
464.6239497782878	1.4485769530013286
464.831812857792	1.7083022157537622
465.119623275567	1.7226276542743029
465.34347582272534	1.9912398250048247
465.61929413975975	2.3614233762757446
465.83115458617755	2.2628249957777
466.1549413061744	1.647426543414297
466.59065429975055	1.2331564092195155
466.7225674078974	1.5000589479223607
466.9104436528339	1.5470332619728389
467.3581487471506	1.3111012616647357
467.63796443109857	1.3462656426650401
467.82584067603506	1.403369843522098
468.12564319455066	1.6773646086938723
468.34150100788196	1.5597194644697734
468.5893377565216	1.359014490985175
468.8251824044206	2.0630017502489624
469.06102705231956	1.8356188930210955
469.3488374700946	1.5416610254650087
469.61266368638843	1.6746102428107388
469.82852149971967	1.6908795657377005
470.26823186020926	1.1794664896659657
470.288218694777	1.410065142860759
470.5720317456385	1.276416462555889
471.00774473921456	1.2915943887622046
471.36351039451984	1.325859725867002
471.8112154888366	1.2960756654684193
472.12301010809284	1.467534038779488
472.56671783549604	1.5166584333890512
472.82254931796274	1.86598816404959
473.05839396586174	1.8227519427144323
473.2942386137607	1.5367380814730025
473.5860463984493	1.4258126896852183
473.79790684486704	1.5520004188242942
474.2336198384431	1.0648399750556923
474.2895829752327	1.19193559406872
474.70930650115463	1.2414722793475925
474.9451511490536	1.3182841232753115
475.09305372485466	1.33693517193896
475.52876671843075	1.1934589970488956
475.56474302065266	1.3223529978933681
475.9325007766985	1.3648534146412628
476.28426906509026	1.5446338000039939
476.56408474903816	1.3918109742463225
476.79193466311006	1.753282138176233
477.0237819440955	1.6642211859571345
477.4355107361904	1.2654027193645545
477.7592974561873	1.236479059857515
477.99913947099975	1.1967114622888935
478.44284719840294	1.0245177035299977
478.70667341469675	1.051127461124906
